ID,USGS_GAGE,NHDV1_COMI,NHDV2_COMI,STATION_NA,LATITUDE,LONGITUDE,COMID_CHEC,MANUAL_COM,GAGESII_SI,SCREEN_ACT,FLOW_YRS_P,FLOW_YRS_1,FINAL_REFE,REF_BEGIN_,REF_END_YE,DECISION_N,GAGES_II_S,HYDRO_DIST,STOR_NOR_2,CANALS_PCT,NPDES_MAJ_,FRESHW_WIT,PCT_IRRIG_,DEVNLCD06,CROPSNLCD0,ROADS_KM_S,NEW_CLASS,RECLASS_NOTES
T10295500,10295500,10744456,10744456,"L WALKER R NR BRIDGEPORT, CA",38.3607482,-119.4448868,ok, ,Ref,yes,49,24,YY,1950,2008,geographic exclusion in xeric. Reconsider as reference,proximal irrigation & possible diversion,9,1.4,8.5,0,32.8999999999999,0,0.65,0,0.46,1,on class 1 stream and nearby other class 1
T10308783,10308783,8922761,8922761,LEVIATHAN C AB MINE NR MARKLEEVILLE CA,38.7012951999999,-119.6565614,ok, ,Ref,yes,14,0,YY,1998,2014,geographic exclusion in xeric. Reconsider as reference,"undeveloped, NEoA",6,0,0,0,10.9,0,0.93,0,1.12,1,on class 1 stream
T10281800,10281800,20267023,20267023,INDEPENDENCE C BL PINYON C NR INDEPENDENCE CA,36.7785438299999,-118.2645412,ok,disc. segments,Ref,yes,28,24,Y,1950,1978,see GAGES_II_SCREENING_COMMENTS,possible proximal diversion?,6,0,0,0,26.6,0,2.17,0,0.47,1,on class 1 stream
T10291500,10291500,8915907,8915907,"BUCKEYE CREEK NEAR BRIDGEPORT, CA",38.23880787,-119.3259923,ok, ,Ref,yes,43,21,Y,1953,2015,see GAGES_II_SCREENING_COMMENTS,wilderness-butproximal cmpgrnd,4,0,0,0,32.7,0,0,0,0.09,1,on class 1 stream and nearby class 1 streams
T10308200,10308200,8922715,8922715,E F CARSON R BL MARKLEEVILLE C NR MARKLEEVILLECA,38.7146273999999,-119.7648985,ok, ,Ref,yes,54,14,Y,1960,2014,see GAGES_II_SCREENING_COMMENTS,"mostly roadless, possible proximal irrigation use",5,12.32,0,0,11.1,0,0.54,0,0.3,1,on class 1 stream
T10310000,10310000,8924041,8924041,"WEST FORK CARSON RIVER AT WOODFORDS, CA",38.7696276499999,-119.833789,ok, ,Non-ref,yes,64,24,Y,1950,2014,No evidence of hydro alteration during specified period,"some roads, some regulation?",4,19.66,0,0,10.9,0,1.33,0,0.74,1,on class 1 stream
T10336580,10336580,8943705,8943705,UPPER TRUCKEE R AT S UPPER TRUCKEE RD NR MEYERS CA,38.7962959799999,-120.0190718,ok, ,Ref,yes,21,0,Y,1990,2011,see GAGES_II_SCREENING_COMMENTS,"undeveloped, NEoA",3,0,0,0,14.3,0,0,0,0.04,1,on class 1 stream
T10336600,10336600,8943685,8943685,UP TRUCKEE R NR MEYERS CA,38.8429629299999,-120.0246274,ok, ,Ref,yes,26,14,Y,1960,1986,see GAGES_II_SCREENING_COMMENTS,"lt proximal development, NEoA",5,0,0,0,15.1999999999999,0,2.36,0,0.6,1,on class 1 stream
T10336770,10336770,8944527,8944527,TROUT CK AT USFS RD 12N01 NR MEYERS CA,38.8632405,-119.9582367,ok, ,Ref,yes,20,0,Y,1990,2011,see GAGES_II_SCREENING_COMMENTS,"undeveloped, NEoA",4,0,0,0,16.3,0,0,0,0.16,1,on class 1 stream
T10336780,10336780,8944453,8944453,TROUT CREEK NR TAHOE VALLEY CALIF,38.9199077,-119.9724036,ok, ,Non-ref,yes,54,14,Y,1960,2014,No evidence of hydro alteration during specified period,prox. Urban,5,0,0,0,16.3,0,3.09,0,0.93,1,on class 1 stream
T11208000,11208000,14918011,14918005,MARBLE F KAWEAH R (R ONLY) A POTWISHA CAMP CA,36.5218898999999,-118.799265199999,suspect,"wrong snap, should be COMID=14918005",Non-ref,yes,61,24,Y,1950,1960,No evidence of hydro alteration during specified period,"HBN , prox diversion",8,0,0,0,265.6,0,1.52,0,0.4,1,
T11213500,11213500,22050535,22050535,KINGS R AB NF NR TRIMMER CA,36.8632806,-119.124281999999,ok, ,Ref,yes,32,24,Y,1950,1982,see GAGES_II_SCREENING_COMMENTS,mostly widlerness--Kings Cnyn NP,9,0.69,0,0,318,0,0.26,0,0.16,1,
T11214000,11214000,22048943,22048943,NF KINGS R BL MEADOWBROOK CA,37.08133045,-118.862888,ok, ,Ref,yes,25,18,Y,1956,1981,see GAGES_II_SCREENING_COMMENTS,wilderness,8,0,0,0,331.3,0,0,0,0,1,
T11218500,11218500,22050527,22050527,KINGS R BL NF NR TRIMMER CA,36.87466959,-119.1417829,ok, ,Non-ref,yes,31,12,Y,1962,1993,No evidence of hydro alteration during specified period,upstrm reservoirs,16,44.72,0.29,0,322,0,0.2,0,0.22,1,
T11226500,11226500,17113015,17113015,SAN JOAQUIN R A MILLER CROSSING CA,37.51049707,-119.1973476,ok, ,Ref,yes,40,23,Y,1951,1991,see GAGES_II_SCREENING_COMMENTS,wilderness,7,0,0,0,272.8,0,0.12,0,0.04,1,
T11230500,11230500,17118323,17118323,BEAR C NR LAKE THOMAS A EDISON CA,37.3393863,-118.973451299999,ok, ,Ref,yes,64,24,Y,1950,2014,see GAGES_II_SCREENING_COMMENTS,Wilderness--John Muir,8,0,0,0,328.899999999999,0,0,0,0,1,
T11237500,11237500,17116209,17116209,PITMAN C BL TAMARACK C CA,37.19855659,-119.2137328,ok, ,Ref,yes,63,24,Y,1950,2013,see GAGES_II_SCREENING_COMMENTS,mostly roadless,10,0,0.23,0,331.3,0,0.5,0,0.17,1,
T11264500,11264500,21609533,21609533,MERCED R A HAPPY ISLES BRIDGE NR YOSEMITE CA,37.73159272,-119.558773599999,ok, ,Ref,yes,64,24,Y,1950,2014,see GAGES_II_SCREENING_COMMENTS,"HBN, mostly wilderness, small local diversion",6,0,0,0,99.0999999999999,0,0,0,0.01,1,
T11266500,11266500,21609641,21609641,MERCED R A POHONO BRIDGE NR YOSEMITE CA,37.71687138,-119.6662788,ok, ,Ref,yes,63,24,Y,1950,2014,see GAGES_II_SCREENING_COMMENTS,mostly wilderness--YOSE,6,0,0,0,56.3999999999999,0,0.49,0,0.15,1,
T11274790,11274790,17081597,17081597,TUOLUMNE R A GRAND CYN OF TUOLUMNE AB HETCH HETCHY,37.9165879999999,-119.659893999999,ok, ,Ref,yes,7,0,Y,2006,2014,see GAGES_II_SCREENING_COMMENTS,"undeveloped, NEoA",3,0,0,0,8.3,0,0.15,0,0.04,1,
T11275000,11275000,17082117,17082117,FALLS C NR HETCH HETCHY CA,37.97075376,-119.764343,ok, ,Ref,yes,32,23,Y,1950,1983,see GAGES_II_SCREENING_COMMENTS,Yosemite Wilderness,3,0,0,0,7.9,0,0,0,0,1,
T11292500,11292500,347487,347487,CLARK FORK STANISLAUS R NR DARDANELLE CA,38.3638010499999,-119.8712915,ok, ,Ref,yes,44,24,Y,1950,1994,see GAGES_II_SCREENING_COMMENTS,some roads and campgrnds,4,0,0,0,9.9,0,0,0,0.14,1,
T11294000,11294000,342587,342587,HIGHLAND C BL SPICER MEADOWS RES CA,38.3929681999999,-119.9990737,ok, ,Non-ref,yes,62,22,Y,1952,1980,No evidence of hydro alteration during specified period,Proximal reservoir-Spicer Meadows,18,1958.16,0,0,10.5,0,0,0,0.21,1,
T11418000,11418000,8062589,8062589,YUBA R BL ENGLEBRIGHT DAM NR SMARTVILLE CA,39.2351707899999,-121.2741256,ok, ,Non-ref,yes,62,24,Y,1950,1969,No evidence of hydro alteration during specified period,proximal reservoir--Englebright dam,22,581.42,3.83,0,64.5999999999999,0,1.15,0,1.49,2,On class 2 stream
T11251000,11251000,,19791955,San Joaquin R below Friant,36.98444444,-119.72333333,,,,,,,,1907,1940,dams/diversions began in 1941,,,,,,,,,,,2,
T11270900,11270900,,2824504,MERCED R BL MERCED FALLS DAM NR SNELL CA,37.52166667,-120.33138889,,,,,,,,1900,1925,dams/diversions began in 1926,,,,,,,,,,,2,
T11299000,11299000,,348435,New Melones Dam,37.95111111,-120.5225,,,,,,,,1996,2008,gage is on a reservoir. ,,,,,,,,,,,2,
T11446220,11446220,,15022453,American R near Folsom,38.70452778,-121.16444444,,,,,,,,1996,2008,no USGS streamflow data,,,,,,,,,,,2,
T11419000,11419000,,8061185,YUBA R BL ENGLEBRIGHT DAM NR SMARTVILLE CA,39.22361111,-121.2925,,,,,,,,1903,1939,Engelbright dam completed in 1941. Upstrm reservoirs later,,,,,,,,,,,2,
T11406999,11406999,,7968461,"Oroville Dam, Feather River (DWR)",39.52166667,-121.54666667,,,,,,,,1987,2013,major dams/diversions began 1910,,,,,,,,,,,2,
T10264600,10264600,22673706,22673708,OAK C NR MOJAVE CA,35.0499692799999,-118.357859199999,suspect,on trib. coords. wrong. should be COMID=22673708,Ref,yes,29,17,YY,1957,1986,geographic exclusion in xeric. Reconsider as reference,"roads, proximal diversion?",9,0,0,0,184.3,0,0.45,0.04,1.15,3,
T11196400,11196400,14945000,14945000,CALIENTE C AB TEHACHAPI C NR CALIENTE CA,35.31134824,-118.5703669,ok, ,Ref,yes,21,13,YY,1961,1983,geographic exclusion in xeric. Reconsider as reference,"upstrm lt development, NEoA",9,0,0,0,184.3,0,0.41,0,0.89,3,
T11204100,11204100,14930789,14930789,SF TULE R NR RESERVATION BNDRY NR PORTERVILLE CA,36.02411648,-118.8134258,ok, ,Ref,yes,13,0,YY,2000,2014,geographic exclusion in xeric. Reconsider as reference,"prox develop, undev hw",8,0,0,0,265.6,0,0.13,0,0.65,3,
T10255810,10255810,22595619,22595619,BORREGO PALM C NR BORREGO SPRINGS CA,33.27892637,-116.4300139,ok, ,Ref,yes,52,24,Y,1950,2004,see GAGES_II_SCREENING_COMMENTS,"mostly roadless, NEoA",6,0,0,0,94.7,0,0.5,0,0.2,3,
T10257500,10257500,22591931,22591931,FALLS C NR WHITEWATER CA,33.8694611399999,-116.671682399999,ok, ,Non-ref,yes,20,0,Y,1994,2015,No evidence of hydro alteration during specified period,"undeveloped, NEoA",6,0,0,0,123.3,0,0.06,0,0,3,
T10257600,10257600,22590267,22590267,MISSION C NR DESERT HOT SPRINGS CA,34.0111228399999,-116.6280689,ok, ,Ref,yes,46,7,Y,1967,2015,see GAGES_II_SCREENING_COMMENTS,"roadless, no sign of regulation",5,0,0,0,26.8,0,0.22,0,0.22,3,
T10258000,10258000,22593497,22593497,TAHQUITZ C NR PALM SPRINGS CA,33.8050192899999,-116.5591816,ok, ,Ref,yes,63,24,Y,1950,2015,see GAGES_II_SCREENING_COMMENTS,"roadless, wilderness",6,0,0,0,123.3,0,0.02,0,0,3,
T10258500,10258500,22593537,22593537,PALM CYN C NR PALM SPRINGS CA,33.74502178,-116.5355709,ok, ,Ref,yes,64,24,Y,1950,2015,see GAGES_II_SCREENING_COMMENTS,"mostly roadless, NEoA",7,0,0,0,123.3,0,1.65,0,0.51,3,
T10259000,10259000,22592131,22592131,ANDREAS C NR PALM SPRINGS CA,33.7600211,-116.5500155,ok, ,Ref,yes,64,24,Y,1950,2015,see GAGES_II_SCREENING_COMMENTS,"San Jacinto Wilderness, Ind. Res.",6,0,0,0,123.3,0,0,0.05,0,3,
T10259200,10259200,22592497,22592497,DEEP C NR PALM DESERT CA,33.63113647,-116.3922342,ok,disc. segments,Ref,yes,52,12,Y,1962,2015,see GAGES_II_SCREENING_COMMENTS,"mostly roadless, NEoA",7,0,0,0,123.3,0,1.04,0,0.57,3,
T10263500,10263500,22684930,22684930,BIG ROCK C NR VALYERMO CA,34.4208311499999,-117.8395072,ok, ,Ref,yes,64,24,Y,1950,2014,see GAGES_II_SCREENING_COMMENTS,"mostly roadless, NEoA",9,0,0,0,199.5,0,2.98,0,0.67,3,
T10264000,10264000,22681934,22681934,LITTLE ROCK C AB LTTLE ROCK RES NR LITTLEROCK CA,34.46388375,-118.0189578,ok, ,Ref,yes,31,24,Y,1950,2005,see GAGES_II_SCREENING_COMMENTS,"mostly roadless, NEoA",8,0,0,0,199.5,0,1.37,0,0.34,3,
T10336645,10336645,8941733,8941733,GENERAL C NR MEEKS BAY CA,39.05185197,-120.118520899999,ok, ,Ref,yes,33,0,Y,1980,2014,see GAGES_II_SCREENING_COMMENTS,roadless,5,0,0,0,17.1,0,0.51,0,0.59,3,on class 3 stream
T10336660,10336660,8941693,8941693,BLACKWOOD C NR TAHOE CITY CA,39.10740708,-120.162135199999,ok, ,Ref,yes,53,14,Y,1960,2014,see GAGES_II_SCREENING_COMMENTS,"mostly roadless, NEoA",6,0,0,0,67.0999999999999,0,0.85,0,0.73,3,on class 3 stream
T10336676,10336676,8941685,8941685,WARD C AT HWY 89 NR TAHOE PINES CA,39.1321292,-120.1576913,ok, ,Ref,yes,41,2,Y,1972,2014,see GAGES_II_SCREENING_COMMENTS,"lt proximal development, NEoA",6,0,0,0,67.0999999999999,0,1.72,0,0.63,3,on class 3 stream
T10340500,10340500,8933736,8933736,PROSSER C BL PROSSER C DAM NR TRUCKEE CA,39.37324026,-120.131587,ok, ,Non-ref,yes,63,23,Y,1950,1961,No evidence of hydro alteration during specified period,proximal reservoir,20,266.59,0,0,26.5,0,5.47,0,2.04,3,on class 3 stream
T10343500,10343500,8933522,8933522,SAGEHEN CR NR TRUCKEE CA,39.4315724599999,-120.2379793,ok, ,Ref,yes,60,21,Y,1953,2014,see GAGES_II_SCREENING_COMMENTS,"HBN, some unpaved roads",6,0,0,0,26.1999999999999,0,0,0,1.16,3,on class 3 stream
T11031500,11031500,20344355,20344355,AGUA CALIENTE C NR WARNER SPRINGS CA,33.28864832,-116.6539084,ok, ,Ref,yes,26,13,Y,1961,1987,see GAGES_II_SCREENING_COMMENTS,"some roads, possible diversions upstream",7,0,0,0,94.7,0,1.33,0,0.51,3,
T11033000,11033000,20343211,20343211,WF SAN LUIS REY R NR WARNER SPRINGS CA,33.29670362,-116.759744,ok, ,Ref,yes,29,17,Y,1956,1986,see GAGES_II_SCREENING_COMMENTS,"some roads, small ponds on 1 trib",6,0,0,0,94.7,0,1.56,0.12,0.55,3,
T11037700,11037700,20343093,20343093,PAUMA C NR PAUMA VALLEY CA,33.3361449699999,-116.9744716,ok, , ,yes,17,10,Y,1964,1975,No evidence of hydro alteration, ,0, , , ,0, ,0,0,0,3,
T11063000,11063000,22554630,22554630,CAJON C NR KEENBROOK CA,34.2669501299999,-117.4600497,ok, ,Non-ref,yes,26,21,Y,1950,1982,No evidence of hydro alteration during specified period,adjacent interstate,8,0,0,0,17,0,9.35,0,1.91,3,on class 3 stream
T11073470,11073470,22555310,22555310,CUCAMONGA C NR UPLAND CA,34.1794520999999,-117.628943,ok, ,Ref,yes,25,24,Y,1950,1975,see GAGES_II_SCREENING_COMMENTS,"mostly roadless, NEoA",4,0,0,0,17,0,0.81,0,0.32,3,
T11080500,11080500,22522855,22522855,EF SAN GABRIEL R NR CAMP BONITA CA,34.2358379799999,-117.8058928,ok, ,Ref,yes,29,24,Y,1950,1979,see GAGES_II_SCREENING_COMMENTS,possible upstream diversion,8,0,0,0,196.3,0,1.16,0,0.29,3,
T11082000,11082000,22524649,22524649,WF SAN GABRIEL R A CAMP RINCON CA,34.24111517,-117.863394799999,ok, ,Non-ref,yes,28,24,Y,1950,1978,No evidence of hydro alteration during specified period,upstrm reservoir,12,41.59,0,0,199.5,0,1.79,0,0.41,3,
T11094000,11094000,22514414,22514414,TUJUNGA C BL MILL C NR COLBY RANCH CA,34.30916717,-118.1453499,ok, ,Ref,yes,21,21,Y,1950,1971,see GAGES_II_SCREENING_COMMENTS,"some roads, NEoA",9,0,0,0,199.5,0,2.53,0,0.71,3,on class 3 stream
T11095500,11095500,22514458,22514458,BIG TUJUNGA C NR SUNLAND CA,34.30055637,-118.2686878,ok, ,Non-ref,yes,27,24,Y,1950,1977,No evidence of hydro alteration during specified period,upstrm reservoir,13,25.87,0,0,199.5,0,3.08,0,0.72,3,
T11111500,11111500,17567911,17567911,SESPE CREEK NEAR WHEELER SPRINGS CA,34.5777657,-119.2578902,ok, ,Ref,yes,58,24,Y,1950,2014,see GAGES_II_SCREENING_COMMENTS,mostly roadless HW,7,0,0,0,95.5,0,2.23,0,0.5,3,
T11113000,11113000,17574345,17574345,SESPE C NR FILLMORE,34.4416617999999,-118.927321199999,ok, ,Non-ref,yes,57,24,Y,1950,1980,No evidence of hydro alteration during specified period,proximal diversion,7,0,0,0,96.9,0.01,1.09,0,0.32,3,
T11154700,11154700,17673639,17673639,CLEAR C NR IDRIA CA,36.3646825599999,-120.7562868,ok, ,Ref,yes,18,0,Y,1993,2015,see GAGES_II_SCREENING_COMMENTS,"lt develop, NEoA",7,0,0,0,35.5,0,4.57,0,1.21,3,
T11195500,11195500,17175320,17175320,SAN EMIGDIO C A SAN EMIGDIO RANCHHOUSE CA,34.98163745,-119.1851097,ok, ,Ref,yes,22,15,Y,1959,1981,see GAGES_II_SCREENING_COMMENTS,"mostly roadless basin, mtn development in 1 trib",10,0,0,0,183.9,0,3.19,0,0.93,3,
T11203580,11203580,14930711,14930711,SF TULE R NR CHOLOLLO CAMPGROUND NR PORTERVILLE CA,36.04828125,-118.6542556,ok, ,Ref,yes,12,0,Y,2000,2014,see GAGES_II_SCREENING_COMMENTS,"undeveloped, NEoA",9,0,0,0,265.6,0,0,0,0.89,3,
T11208500,11208500,14922121,14922121,MF KAWEAH TRIB NR HAMMOND CA,36.49300156,-118.825931999999,ok, , ,yes,6,6,Y,1967,1973,No evidence of hydro alteration, ,0, , , ,0, ,0,0,0,3,"likely c-3, right next to and near c-3 streams "
T11209900,11209900,14922321,14922321,KAWEAH R A THREE RIVERS CA,36.44383632,-118.9034335,ok, ,Non-ref,yes,32,16,Y,1958,1990,No evidence of hydro alteration during specified period,"proximal irrigation, upstrm diversions",8,1.07,0,0,265.6,0,0.65,0,0.38,3,
T11220000,11220000,22050457,22050457,BIG C AB PINE FLAT RES NR TRIMMER CA,36.91633697,-119.2445652,ok, ,Ref,yes,20,20,Y,1953,1973,see GAGES_II_SCREENING_COMMENTS,some roads,10,0,0,0,331.3,0,0.03,0.02,0.9,3,on class 3 stream
T11268000,11268000,21610027,21610027,SF MERCED R NR EL PORTAL CA,37.6513197299999,-119.8854532,ok, ,Non-ref,yes,24,23,Y,1951,1975,No evidence of hydro alteration during specified period,"upstrm diversion, mostly roadless",6,0,0,0,90.0999999999999,0,0.41,0,0.5,3,
T11281000,11281000,17078519,17078519,SF TUOLUMNE R NR OAKLAND RECREATION CAMP CA,37.82159266,-120.0129616,ok, ,Ref,yes,51,24,Y,1950,2002,see GAGES_II_SCREENING_COMMENTS,smll upstrm impoundment,4,0,0,0,7.5,0,1.21,0,0.83,3,
T11282000,11282000,17078467,17078467,M TUOLUMNE R A OAKLAND RECREATION CAMP CA,37.82825915,-120.0115727,ok, ,Ref,yes,51,24,Y,1950,2002,see GAGES_II_SCREENING_COMMENTS,forest roads & campgrnds,7,0,2.51,0,7.7,0,0.38,0,0.54,3,
T11283500,11283500,17078183,17078183,CLAVEY R NR BUCK MEADOWS CA,37.90048017,-120.0718517,ok, ,Ref,yes,32,15,Y,1959,1995,see GAGES_II_SCREENING_COMMENTS,"mostly roadless, NEoA",6,0,0,0,7.7,0,0,0,1.29,3,
T11294500,11294500,344905,344905,NF STANISLAUS R NR AVERY CA,38.2438067,-120.2910282,ok, ,Non-ref,yes,64,24,Y,1950,1988,No evidence of hydro alteration during specified period,upstrm reservoirs,17,573.84,0,0,9.4,0,1.43,0,0.95,3,
T11315000,11315000,17053540,17053540,COLE C NR SALT SPRINGS DAM CA,38.5190782999999,-120.2126928,ok, ,Ref,yes,64,24,Y,1950,2014,see GAGES_II_SCREENING_COMMENTS,mostly roadless & wilderness,5,0,0,0,28.3999999999999,0,0,0,0.52,3,
T11316800,11316800,17056582,17056582,FOREST C NR WILSEYVILLE CA,38.40324566,-120.4468676,ok, ,Non-ref,yes,53,14,Y,1960,2015,No evidence of hydro alteration during specified period,many forest roads,7,0,0,0,8.9,0,0.33,0,1.83,3,
T11318500,11318500,17056948,17056948,SF MOKELUMNE R NR WEST POINT CA,38.3682462499999,-120.5454823,ok, ,Non-ref,yes,63,24,Y,1950,2015,No evidence of hydro alteration during specified period,possible diversions,14,11.43,0,0,8.9,0,0.55,0,1.95,3,
T11341400,11341400,7964867,7964867,SACRAMENTO R NR MT SHASTA CA,41.26654165,-122.3116771,ok, ,Non-ref,yes,28,15,Y,1959,1987,No evidence of hydro alteration during specified period,proximal resevoir--Box Canyon Dam,18,93.23,0,0,46.8999999999999,0.62,5.27,0.29,1.69,3,
T11376500,11376500,2496048,2496048,BATTLE C NR COTTONWOOD CA,40.39709897,-122.1358311,ok, , ,yes,11,11,Y,1950,1959,No evidence of hydro alteration, ,0, , , ,0, ,0,0,0,3,
T11394500,11394500,8037183,8037183,MF FEATHER R NR MERRIMAC CA,39.7082199399999,-121.2705175,ok, ,Non-ref,yes,35,23,Y,1951,1986,No evidence of hydro alteration during specified period,"mixed land use, NEoA",14,62.96,2.44,0,19.8,0,1.41,0.23,1.24,3,
T11400000,11400000,2773562,2773562,BUTT C AB ALMANOR-BUTT C TU NR PRATTVILLE CA,40.1896078199999,-121.1907966,ok, , ,yes,14,14,Y,1950,1964,No evidence of hydro alteration, ,0, , , ,0, ,0,0,0,3,
T11408850,11408850,8063571,8063571,M YUBA R NR CAMPTONVILLE CA,39.41683845,-120.9527274,ok, ,Non-ref,yes,22,7,Y,1967,1980,No evidence of hydro alteration during specified period,upstrm reservoir,18,187.57,2.19,0,25.5,0,0.72,0,1.14,3,
T11409300,11409300,8060547,8060547,OREGON C A CAMPTONVILLE CA,39.44600312,-121.0463431,ok, ,Ref,yes,33,7,Y,1967,2000,see GAGES_II_SCREENING_COMMENTS,"lt development, forestry, NEoA",8,0,0,0,37.1,0,1.93,0,2.09,3,
T11409500,11409500,8060667,8060667,OREGON C NR NORTH SAN JUAN CA,39.40266982,-121.0774543,ok, ,Ref,yes,19,19,Y,1950,1969,see GAGES_II_SCREENING_COMMENTS,mostly undeveloped basin--NEoA,16,1.24,0,0,90,0,2.36,0,2.06,3,
T11413100,11413100,8056781,8056781,N YUBA R AB SLATE C NR STRAWBERRY CA,39.5246128799999,-121.0916235,ok, , ,yes,19,6,Y,1968,1986,No evidence of hydro alteration, ,0, , , ,0, ,0,0,0,3,
T11413320,11413320,8056721,8056721,DEADWOOD C NR STRAWBERRY VALLEY CA,39.54989055,-121.0944014,ok, ,Ref,yes,18,0,Y,1994,2014,see GAGES_II_SCREENING_COMMENTS,"undeveloped, logging, NEoA",13,0,0,0,308.399999999999,0,2.29,0,2.75,3,
T11414000,11414000,8064109,8064109,S YUBA R NR CISCO CA,39.32129093,-120.564375299999,ok, ,Non-ref,yes,44,24,Y,1950,1980,No evidence of hydro alteration during specified period,proximal interstate & impoundments,8,37.24,0,0,40.3999999999999,0,2.82,0,1.51,3,
T11426150,11426150,14991725,14991725,ONION C NR SODA SPRINGS CA,39.26712708,-120.3649233,ok, ,Ref,yes,20,15,Y,1959,1979,see GAGES_II_SCREENING_COMMENTS,"mostly undeveloped, NEoA",7,0,0,0,67.0999999999999,0,2.17,0,0.46,3,
T11427700,11427700,14992381,14992381,DUNCAN CYN C NR FRENCH MEADOWS CA,39.1357375999999,-120.4785353,ok, ,Ref,yes,53,14,Y,1960,2014,see GAGES_II_SCREENING_COMMENTS,roadless,8,0.97,0,0,67.0999999999999,0,1.48,0,0.49,3,
T11433260,11433260,14993059,14993059,NF OF MF AMERICAN R NR FORESTHILL CA,39.0240671199999,-120.7185401,ok, ,Ref,yes,20,9,Y,1965,1985,see GAGES_II_SCREENING_COMMENTS,some forest roads & logging,12,0,3.26,0,67.0999999999999,0,0.63,0,1.82,3,
T11433300,11433300,14993649,14993649,MF AMERICAN R NR FORESTHILL CA,39.0060107999999,-120.760763299999,ok, ,Non-ref,yes,55,16,Y,1958,1966,No evidence of hydro alteration during specified period,proximal dam/diversion,21,381.64,5.21,0,52,0,0.32,0,1.14,3,
T11433500,11433500,14994421,14994421,MF AMERICAN R NR AUBURN CA,38.91795401,-121.0152215,ok, ,Non-ref,yes,34,23,Y,1950,1964,No evidence of hydro alteration during specified period,upstrm diversions & reservoirs,22,324.02,5.64,0,49.5,0,0.67,0,1.29,3,
T11445500,11445500,14982092,14982092,SF AMERICAN R NR LOTUS CA,38.81851188,-120.946884999999,ok, ,Non-ref,yes,44,23,Y,1951,1959,No evidence of hydro alteration during specified period,upstrm reservoir,22,214.08,5.3,0,16.6,0,1.97,0,1.58,3,
T11472900,11472900,8294911,8294911,BLACK BUTTE R NR COVELO CA,39.8207100799999,-123.0816755,ok, ,Ref,yes,21,16,Y,1958,2005,see GAGES_II_SCREENING_COMMENTS,mostly roadless,10,0.06,0,0,111.599999999999,0,3.63,0,1.11,3,
T11480390,11480390,8320019,8320019,MAD R AB RUTH RES NR FOREST GLEN CA,40.28431329,-123.3353034,ok, ,Ref,yes,33,0,Y,1980,2014,see GAGES_II_SCREENING_COMMENTS,many forest roads,6,0,0,0,7.5,0,2.71,0,1.03,3,on class 3 stream
T11522500,11522500,8261865,8261865,SALMON R A SOMES BAR CA,41.3765154,-123.4770026,ok, ,Ref,yes,64,24,Y,1950,2014,see GAGES_II_SCREENING_COMMENTS,some roads & logging,6,0,0,0,47,0,1.34,0,0.5,3,
T11523200,11523200,8242324,8242324,TRINITY R AB COFFEE C NR TRINITY CTR CA,41.1112571,-122.7055788,ok, ,Ref,yes,57,17,Y,1957,2014,see GAGES_II_SCREENING_COMMENTS,many forest roads & logging,4,0,0,0,8.1,0,0.68,0,0.75,3,
T11525500,11525500,8246426,8246426,TRINITY R A LEWISTON CA,40.71931244,-122.803633899999,ok, ,Non-ref,yes,64,24,Y,1950,1960,No evidence of hydro alteration during specified period,proximal reservoir--Lewiston Lake,17,1630.79,0.04,0,8,0,2.06,0,0.89,3,
T11526500,11526500,8244332,8244332,NF TRINITY R A HELENA CA,40.7818089,-123.1283653,ok, ,Ref,yes,23,17,Y,1957,2014,see GAGES_II_SCREENING_COMMENTS,"roadless, NEoA",4,0,0,0,7.7,0,0.54,0,0.17,3,
T11527400,11527400,8243406,8243406,NEW R A DENNY CA,40.9456916299999,-123.3830998,ok, , ,yes,10,10,Y,1959,1969,No evidence of hydro alteration, ,0, , , ,0, ,0,0,0,3,Most likely 3 due to being on class 3 stream
T11154100,11154100,17661675,17661675,BODFISH C NR GILROY CA,37.0041163,-121.6671686,ok, ,Ref,yes,23,15,Y,1959,1982,see GAGES_II_SCREENING_COMMENTS,"some roads, NEoA",11,0,0,0,135.199999999999,0,5.99,0.13,1.65,4,
T11390672,11390672,2847739,2847739,STONE CORRAL C NR SITES CA,39.2882206,-122.3010909,ok, ,Ref,yes,26,15,Y,1958,1985,see GAGES_II_SCREENING_COMMENTS,"mostly roadless, NEoA",9,0,0,0,421.5,0,0.75,0,0.5,4,
T11396400,11396400,8037541,8037541,SUCKER RUN NR FORBESTOWN CA,39.55322067,-121.3021851,ok, ,Non-ref,yes,22,9,Y,1965,1987,No evidence of hydro alteration during specified period,upstrm diversions,10,0,0,0,342.8,0,0,0,1.24,4,
T11413323,11413323,8056723,8056723,OWL GULCH NR STRAWBERRY VALLEY CA,39.5454460999999,-121.0952348,ok, ,Ref,yes,18,0,Y,1994,2014,see GAGES_II_SCREENING_COMMENTS,"undeveloped, logging, NEoA",13,0,0,0,308.399999999999,0,1.84,0,2.77,4,
T11457000,11457000,1669117,1669101,DRY C NR NAPA CA,38.3563016399999,-122.364977,ok,used upstream comid--closer to gage, ,yes,15,15,Y,1951,1966,No evidence of hydro alteration, ,0, , , ,0, ,0,0,0,4,
T11458300,11458300,1670171,1670171,NAPA C A NAPA,38.3018587999999,-122.3038634,ok, , ,yes,13,4,Y,1970,1979,No evidence of hydro alteration, ,0, , , ,0, ,0,0,0,4,
T11467200,11467200,8271049,8271049,AUSTIN C NR CAZADERO CA,38.5065797,-123.0697239,ok, ,Ref,yes,17,7,Y,1959,2014,see GAGES_II_SCREENING_COMMENTS,"undeveloped, NEoA",9,0,0,0,48.1,0,2.26,0,1.36,4,
T11467500,11467500,8280895,8280895,SF GUALALA R NR ANNAPOLIS CA,38.7049120499999,-123.4230642,ok, ,Ref,yes,21,21,Y,1950,1994,see GAGES_II_SCREENING_COMMENTS,"mostly undeveloped, NEoA",13,2.44,0,0,48.1,0,1.76,0,1.21,4,
T11467600,11467600,2666153,2666153,GARCIA R NR POINT ARENA CA,38.92629636,-123.6302925,ok, ,Ref,yes,21,12,Y,1962,1983,see GAGES_II_SCREENING_COMMENTS,"many forest roads, NEoA",7,0,0,0,7.8,0,3.83,0,1.27,4,
T11468000,11468000,2665613,2665613,NAVARRO R NR NAVARRO CA,39.17045608,-123.668069,ok, ,Ref,yes,63,24,Y,1950,2013,see GAGES_II_SCREENING_COMMENTS,"some irrigated ag upstrm, NEoA",7,0.05,0,0,7.8,0.91,4.48,0.86,1.4,4,
T11468500,11468500,2665525,2665525,NOYO R NR FORT BRAGG CA,39.42822378,-123.7377917,ok, ,Ref,yes,62,23,Y,1951,2014,see GAGES_II_SCREENING_COMMENTS,some roads,8,0.86,0,0,7.8,0,5.57,0,1.3,4,
T11468600,11468600,2662235,2662235,MF TENMILE R NR FORT BRAGG CA,39.57266134,-123.7002935,ok, , ,yes,9,9,Y,1964,1973,No evidence of hydro alteration, ,0, , , ,0, ,0,0,0,4,
T11468900,11468900,2546355,2546355,MATTOLE R NR ETTERSBURG CA,40.1393089999999,-123.991423,ok, ,Ref,yes,12,0,Y,2001,2014,see GAGES_II_SCREENING_COMMENTS,"lt development, NEoA",6,0,0,0,14.4,0,3.3,0,1.15,4,
T11472160,11472160,8306880,8306880,WILLITS C AB LK EMILY NR WILLITS CA,39.4493289999999,-123.3980667,ok, ,Ref,yes,9,0,Y,2003,2012,see GAGES_II_SCREENING_COMMENTS,"lt development, NEoA",7,0,0,0,7.8,0,4.81,0,1.55,4,On class 4 stream
T11473900,11473900,8295207,8295207,MF EEL R NR DOS RIOS CA,39.70626687,-123.3252913,ok, ,Ref,yes,48,9,Y,1965,2014,see GAGES_II_SCREENING_COMMENTS,"NEoA, some forest roads & logging",9,0.93,0,0,30,0,2.87,0,0.88,4,
T11474500,11474500,2709327,2709327,NF EEL R NR MINA CA,39.9373742,-123.3469626,ok, ,Ref,yes,27,21,Y,1953,2005,see GAGES_II_SCREENING_COMMENTS,"mostly roadless, NEoA",5,0,0,0,7.5,0,2.15,0,0.78,4,
T11475500,11475500,8287608,8287608,SF EEL R NR BRANSCOMB CA,39.71904456,-123.6527961,ok, ,Ref,yes,20,20,Y,1950,1970,see GAGES_II_SCREENING_COMMENTS,"some roads & lt development, NEoA",8,0,0,0,7.8,0,5.08,0,1.83,4,
T11475560,11475560,8287590,8287590,ELDER C NR BRANSCOMB CA,39.7295997,-123.6439073,ok, ,Ref,yes,46,7,Y,1967,2014,see GAGES_II_SCREENING_COMMENTS,"HBN, undisturbed",4,0,0,0,7.8,0,0.24,0,0.39,4,
T11475800,11475800,8287256,8287256,SF EEL R A LEGGETT CA,39.8745957,-123.7205775,ok, ,Ref,yes,40,9,Y,1965,2014,see GAGES_II_SCREENING_COMMENTS,"small town in hw of main trib, mostly undeveloped basin, NEoA",10,0.73,0,0,7.8,0.21,4.85,0.04,1.55,4,
T11476500,11476500,8285120,8285120,SF EEL R NR MIRANDA CA,40.18181004,-123.7761426,ok, ,Non-ref,yes,63,24,Y,1950,1980,No evidence of hydro alteration during specified period,upstrm reservoir,9,1.28,0,0,10,0.08,4.69,0.02,1.49,4,
T11476600,11476600,8284190,8284190,BULL C NR WEOTT CA,40.351528,-124.0050423,ok, ,Ref,yes,54,14,Y,1960,2014,see GAGES_II_SCREENING_COMMENTS,mod. Roads,7,0,0,0,15.1999999999999,0,4.14,0,1.36,4,
T11477000,11477000,2704735,2704735,EEL R A SCOTIA CA,40.4915238399999,-124.0997699,ok, ,Non-ref,yes,63,24,Y,1950,1970,No evidence of hydro alteration during specified period,upstrm reservoir & diversions,11,13.29,0.09,0.01,18.1,0.04,3.3,0.02,1.07,4,
T11477500,11477500,2705471,2705471,VAN DUZEN R NR DINSMORE CA,40.4845857099999,-123.6580935,ok, , ,yes,16,16,Y,1953,1974,No evidence of hydro alteration, ,0, , , ,0, ,0,0,0,4,
T11478500,11478500,2705477,2705477,VAN DUZEN R NR BRIDGEVILLE CA,40.48041636,-123.890876,ok, ,Ref,yes,63,24,Y,1950,2014,see GAGES_II_SCREENING_COMMENTS,"mostly roadless, loggin in HW",5,0,0,0,13,0,1.77,0,1.07,4,
T11481200,11481200,8315847,8315847,LITTLE R NR TRINIDAD CA,41.0098478999999,-124.0814555,ok, ,Ref,yes,59,19,Y,1955,2014,see GAGES_II_SCREENING_COMMENTS,some roads & logging,7,0,0,0,15.1999999999999,0,0.47,0.1,1.91,4,
T11481500,11481500,8319319,8319319,REDWOOD C NR BLUE LAKE CA,40.9059647899999,-123.815335,ok, ,Ref,yes,43,7,Y,1953,2014,see GAGES_II_SCREENING_COMMENTS,some roads,6,0,0,0,15.1999999999999,0,0.82,0,1.35,4,
T11482110,11482110,8316277,8316277,LACKS C NR ORICK CA,41.06068303,-123.8670069,ok, , ,yes,11,0,Y,1980,1991,No evidence of hydro alteration, ,0, , , ,0, ,0,0,0,4,Easy to classify from streams and nearby gages
T11482120,11482120,8316251,8316251,REDWOOD C AB PANTHER C NR ORICK CA,41.0890155499999,-123.907563999999,ok, , ,yes,9,0,Y,1980,1989,No evidence of hydro alteration, ,0, , , ,0, ,0,0,0,4,Easy to classify from streams and nearby gages
T11482125,11482125,8316253,8316253,PANTHER C NR ORICK CA,41.0884599999999,-123.9083973,ok, , ,yes,12,0,Y,1979,1988,No evidence of hydro alteration, ,0, , , ,0, ,0,0,0,4,Easy to classify from streams and nearby gages
T11482200,11482200,8316133,8316133,REDWOOD C AT S PARK BOUNDARY NR ORICK CA,41.17179181,-123.9497889,ok, , ,yes,11,4,Y,1970,1981,No evidence of hydro alteration, ,0, , , ,0, ,0,0,0,4,
T11482500,11482500,8315607,8315607,REDWOOD C A ORICK CA,41.2992896,-124.0511825,ok, ,Ref,yes,61,21,Y,1953,2014,see GAGES_II_SCREENING_COMMENTS,many forest roads & logging,6,0,0,0,15.1999999999999,0.07,1.35,0.06,1.56,4,
T11529000,11529000,8231982,8231982,SF TRINITY R NR SALYER CA,40.8415249999999,-123.5678243,ok, , ,yes,17,17,Y,1950,1967,No evidence of hydro alteration, ,0, , , ,0, ,0,0,0,4,
T11532000,11532000,22226814,22226814,SF SMITH R NR CRESCENT CITY CA,41.79150242,-124.0261871,ok, , ,yes,9,7,Y,1954,1979,No evidence of hydro alteration, ,0, , , ,0, ,0,0,0,4,Easy to class from nearby streams and class 4 gage
T11532500,11532500,22226812,22226812,SMITH R NR CRESCENT CITY CA,41.7915026,-124.0761887,ok, ,Ref,yes,63,24,Y,1950,2014,see GAGES_II_SCREENING_COMMENTS,many forest roads & logging,5,0,0,0,9.1,0,2.95,0,0.81,4,
T11377100,11377100,,12068830,Sacramento River at Bend Bridge (USGS and USBR),40.28861111,-122.18555556,,,,,,,,,1942,Major dams/diversions began 1943,,,,,,,,,,,5,
T11269300,11269300,21606909,21606909,MAXWELL C A COULTERVILLE CA,37.7160412699999,-120.1899102,ok, ,Ref,yes,20,15,YY,1959,1980,geographic exclusion in xeric. Reconsider as reference,"lt devlp, NEoA, few roads in HW",4,0,0,0,2.4,0,1.08,0,1.19,6,
T11110500,11110500,17574757,17574757,HOPPER CREEK NEAR PIRU CA,34.40083045,-118.8264837,ok, ,Non-ref,yes,33,24,Y,1950,1983,No evidence of hydro alteration during specified period,proximal irrigated ag & possible diversions,7,0,0,0,97.2999999999999,0.41,1.1,0.41,0.3,6,
T11115500,11115500,17586470,17586470,MATILIJA C A MATILIJA HOT SPRINGS,34.4827699499999,-119.3017809,ok, ,Non-ref,yes,38,24,Y,1950,1980,No evidence of hydro alteration during specified period,proximal reservoir--Matilla Dam,11,15.72,0,0,92.4,0,0.55,0.02,0.25,6,
T11117600,11117600,17586774,17586774,COYOTE CREEK NEAR OAK VIEW CA,34.41666158,-119.3706722,ok, ,Ref,yes,30,16,Y,1958,1988,see GAGES_II_SCREENING_COMMENTS,"mostly roadless, NEoA",7,0,0,0,97.2999999999999,0,0.78,0,0.66,6,
T11117800,11117800,17586728,17586728,SANTA ANA C NR OAK VIEW,34.42360587,-119.3412265,ok, ,Non-ref,yes,30,16,Y,1958,1980,No evidence of hydro alteration during specified period,proximal irrigate ag & possible diversion,9,0,0,0,97.2999999999999,0.8,1.97,0.42,0.92,6,
T11120500,11120500,17596109,17596109,SAN JOSE C NR GOLETA CA,34.4591628599999,-119.809028299999,ok, ,Ref,yes,62,24,Y,1950,2014,see GAGES_II_SCREENING_COMMENTS,"prox ag & possible diversions, mostly roadless hw",12,0,0.51,0,58.8999999999999,8.26,7.48,6.24,1.89,6,
T11124500,11124500,17611425,17611425,SANTA CRUZ C NR SANTA YNEZ CA,34.59665633,-119.9087519,ok, ,Ref,yes,63,24,Y,1950,2014,see GAGES_II_SCREENING_COMMENTS,"some roads, NEoA",6,0,0,0,58.8999999999999,0,0.55,0,0.34,6,
T11128400,11128400,17608281,17608281,ALISAL C NR SOLVANG CA,34.57637614,-120.1484816,ok, , ,yes,17,17,Y,1954,1969,No evidence of hydro alteration, ,0, , , ,0, ,0,0,0,6,
T11141150,11141150,8192881,8192881,ARROYO GRANDE AB PHOENIX C NR ARROYO GRANDE CA,35.18858618,-120.4351621,ok, ,Ref,yes,25,7,Y,1967,1992,see GAGES_II_SCREENING_COMMENTS,proximal ag & probable diversion,6,0,0,0,33.2999999999999,0.36,1.79,0.71,0.84,6,
T11141280,11141280,8193647,8193647,LOPEZ C NR ARROYO GRANDE CA,35.2355303499999,-120.4723857,ok, ,Ref,yes,46,7,Y,1967,2014,see GAGES_II_SCREENING_COMMENTS,"mostly roadless, NEoA",5,0,0,0,33.2999999999999,0,1.26,0,0.72,6,
T11143000,11143000,8189809,8189809,BIG SUR R NR BIG SUR CA,36.24579648,-121.7732872,ok, ,Ref,yes,64,24,Y,1950,2014,see GAGES_II_SCREENING_COMMENTS,mostly roadless,7,0,0,0,126.099999999999,0,0.5,0,0.37,6,
T11143500,11143500,8213735,8213735,SALINAS R NR POZO CA,35.29858465,-120.4037709,ok, ,Ref,yes,33,24,Y,1950,1983,see GAGES_II_SCREENING_COMMENTS,"mostly roadless, NEoA",6,0,0,0,33.2999999999999,7.2,1.58,0.12,0.71,6,
T11148900,11148900,8209949,8209965,NACIMIENTO R BL SAPAQUE C NR BRYSON CA,35.7885791799999,-121.0938048,suspect,should be COMID=8209965,Ref,yes,43,3,Y,1971,2014,see GAGES_II_SCREENING_COMMENTS,"some roads & logging, NEoA",15,0.96,0,0,124.599999999999,0,3.49,0.03,1.33,6,
T11151300,11151300,8205487,8205487,SAN LORENZO C BL BITTERWATER C NR KING CITY CA,36.26802087,-121.066303,ok, ,Ref,yes,56,16,Y,1958,2014,see GAGES_II_SCREENING_COMMENTS,"lt irrigation, NEoA",8,0,0,0,85.2999999999999,5.9,3.69,0.83,1.12,6,
T11151870,11151870,8203373,8203373,ARROYO SECO NR GREENFIELD CA,36.2374616399999,-121.4816027,ok, ,Ref,yes,26,13,Y,1961,2014,see GAGES_II_SCREENING_COMMENTS,"mostly roadless, NEoA",7,0,0,0,126.099999999999,0,0.76,0,0.45,6,
T11152900,11152900,17661409,17661409,CEDAR C NR BELL STATION CA,37.04994511,-121.3274311,ok, ,Ref,yes,21,13,Y,1961,1982,see GAGES_II_SCREENING_COMMENTS,"mostly roadless, NEoA",7,0,0,0,140,0,0.81,0.09,0.29,6,
T11153470,11153470,17662343,17662343,LLAGAS C AB CHESBRO RES NR MORGAN HILL CA,37.14827978,-121.7682836,ok, ,Ref,yes,18,3,Y,1971,2010,see GAGES_II_SCREENING_COMMENTS,"undeveloped, NEoA",8,0,0,0,140,0,2.16,0,0.18,6,
T11153900,11153900,17661201,17661201,UVAS C AB UVAS RES NR MORGAN HILL CA,37.09272543,-121.7182818,ok, ,Ref,yes,21,13,Y,1961,1982,see GAGES_II_SCREENING_COMMENTS,proximal irrigation & domestic possible use,8,0,0,0,137.3,0,2.29,0,0.62,6,
T11156500,11156500,17665649,17665649,SAN BENITO R NR WILLOW CREEK SCHOOL CA,36.60940609,-121.2029797,ok, ,Non-ref,yes,63,24,Y,1950,1960,No evidence of hydro alteration during specified period,upstrm irrigation & possible diversion,12,34.45,0,0,36.8999999999999,0,2.07,0,0.76,6,
T11159690,11159690,17683402,17683402,APTOS C NR APTOS CA,37.00161665,-121.9060688,ok, , ,yes,14,3,Y,1971,1985,No evidence of hydro alteration, ,0, , , ,0, ,0,0,0,6,
T11160000,11160000,17684378,17684378,SOQUEL C A SOQUEL CA,36.9913389,-121.9557933,ok, ,Non-ref,yes,63,23,Y,1951,2014,No evidence of hydro alteration during specified period,"proximal hvy urban, upstrm irrigated ag",12,0,0,0,70.2,0,13.16,0.07,2.27,6,
T11160020,11160020,17682178,17682178,SAN LORENZO R NR BOULDER C CA,37.2066113599999,-122.1449644,ok, ,Ref,yes,24,6,Y,1968,1992,see GAGES_II_SCREENING_COMMENTS,"mostly roadless, NEoA",9,0,0,0,72.0999999999999,0,5.61,0,1.43,6,
T11160070,11160070,17682322,17682322,BOULDER C AT BOULDER CREEK CA,37.12661339,-122.1227425,ok, , ,yes,16,0,Y,1976,1987,No evidence of hydro alteration, ,0, , , ,0, ,0,0,0,6,
T11160300,11160300,17682394,17682394,ZAYANTE C A ZAYANTE CA,37.0860587399999,-122.0469069,ok, ,Ref,yes,35,17,Y,1957,1992,see GAGES_II_SCREENING_COMMENTS,"lt development, NEoA",12,0,0,0,69.7999999999999,0,8.69999999999999,0,3.16,6,
T11160500,11160500,17682474,17682474,SAN LORENZO R A BIG TREES CA,37.04439313,-122.0724641,ok, ,Non-ref,yes,64,24,Y,1950,2014,No evidence of hydro alteration during specified period,prox. Development,20,40.19,0,0,69.5,0,12.91,0,2.75,6,
T11162500,11162500,17688105,17688105,PESCADERO C NR PESCADERO CA,37.26077707,-122.328860199999,ok, ,Ref,yes,63,23,Y,1951,2014,see GAGES_II_SCREENING_COMMENTS,"possible munip diversion, roadless HW",16,0.49,0,0,74.5,0,5.77,0.08,2.03,6,
T11162540,11162540,17688327,17688327,BUTANO C NR PESCADERO CA,37.2335557899999,-122.3666399,ok, , ,yes,12,12,Y,1962,1974,No evidence of hydro alteration, ,0, , , ,0, ,0,0,0,6,
T11162570,11162570,17687965,17687965,SAN GREGORIO C A SAN GREGORIO CA,37.3257762,-122.3866404,ok, ,Ref,yes,36,5,Y,1969,2014,see GAGES_II_SCREENING_COMMENTS,"prox agriculture, forested hw",10,0,0,0,74,0.43,6.83,0.76,1.88,6,
T11169800,11169800,17694891,17694891,COYOTE C NR GILROY CA,37.07772286,-121.4943832,ok, ,Ref,yes,31,14,Y,1960,2014,see GAGES_II_SCREENING_COMMENTS,"mostly roadless, NEoA",9,1.39,0,0,141.099999999999,0.07,1.09,0.04,0.35,6,
T11180500,11180500,2804369,2804369,DRY C A UNION CITY CA,37.6060451999999,-122.0238504,ok, ,Ref,yes,55,15,Y,1959,2015,see GAGES_II_SCREENING_COMMENTS,"proximal urban, NEoA",9,0,0,0,167.099999999999,0,2.42,0.1,1.12,6,
T11180825,11180825,2803945,2803945,SAN LORENZO C AB DON CASTRO RES NR CASTRO V CA,37.69520825,-122.044962,ok, ,Non-ref,yes,30,0,Y,1980,1998,No evidence of hydro alteration during specified period,prox urban,10,0,0,0,169.599999999999,0,10.74,0.03,1.54,6,on and near class 6 streams
T11180960,11180960,2804901,2804901,CULL C AB CULL C RES NR CASTRO VALLEY CA,37.7177073699999,-122.0544067,ok, ,Ref,yes,35,0,Y,1978,2014,see GAGES_II_SCREENING_COMMENTS,lt suburban development on fringes,10,0,0,0,172.4,0,8.19,0,0.87,6,on and near class 6 streams
T11181000,11181000,2803983,2803983,SAN LORENZO C A HAYWARD CA,37.6854864399999,-122.064407,ok, ,Non-ref,yes,48,24,Y,1950,1965,No evidence of hydro alteration during specified period,urban,21,8.68,0,0,172.699999999999,0,15.67,0.02,1.7,6,
T11181390,11181390,1671771,1671771,WILDCAT C A VALE RD AT RICHMOND CA,37.9532571,-122.3383039,ok, ,Non-ref,yes,20,0,Y,1975,1985,No evidence of hydro alteration during specified period,urban,28,23.43,6.78,0,390,0,23.8999999999999,0,3.5,6,
T11182100,11182100,1671763,1671763,PINOLE C A PINOLE CA,37.9724230899999,-122.2463573,ok, ,Ref,yes,27,24,Y,1950,1977,see GAGES_II_SCREENING_COMMENTS,"lt ag in basin, lt development in hw",11,0,0,0,401.3,0,4.92,0,1.1,6,
T11182500,11182500,2790443,2790443,SAN RAMON C A SAN RAMON CA,37.772983,-121.9946825,ok, ,Non-ref,yes,61,22,Y,1952,2015,No evidence of hydro alteration during specified period,upstrm hvy urban,11,0,0,0,393.3,0,8.74,0,1.1,6,
T11183000,11183000,2789355,2789355,SAN RAMON C AT WALNUT CREEK CA,37.88436913,-122.0510736,ok, ,Non-ref,yes,21,21,Y,1952,1964,No evidence of hydro alteration during specified period,proximal hvy urban,23,0.42,0,0,400,0,50.2,0,4.58,6,on and near class 6 streams
T11197250,11197250,17160150,17160150,AVENAL C NR AVENAL CA,35.85412696,-120.1270849,ok, ,Ref,yes,25,13,Y,1961,1986,see GAGES_II_SCREENING_COMMENTS,"mostly roadless, NEoA",10,0,0,0,557.7,0,1.71,0,0.57,6,
T11199500,11199500,17166342,17166342,WHITE R NR DUCOR CA,35.8099523599999,-118.918429399999,ok, ,Ref,yes,37,6,Y,1950,2005,see GAGES_II_SCREENING_COMMENTS,some roads,9,0,0,0,251.599999999999,0,0.45,0,1.12,6,
T11220500,11220500,22057147,22057147,SYCAMORE C AB PINE FLAT RES NR TRIMMER CA,36.9202264199999,-119.3098459,ok, ,Ref,yes,20,20,Y,1953,1973,see GAGES_II_SCREENING_COMMENTS,possible small domestic use,10,0,0,0,331.3,0,0.62,0,1.22,6,on class 6 stream
T11274500,11274500,2828012,2828012,ORESTIMBA C NR NEWMAN CA,37.31549247,-121.125208099999,ok, ,Ref,yes,64,24,Y,1950,2014,see GAGES_II_SCREENING_COMMENTS,mostly roadless,9,0,0,0,562.799999999999,0,0.38,0.03,0.14,6,
T11274630,11274630,2827982,2827982,DEL PUERTO C NR PATTERSON CA,37.4865993499999,-121.209102599999,ok, ,Ref,yes,48,9,Y,1965,2014,see GAGES_II_SCREENING_COMMENTS,possible diversions,9,0,0,0,562.799999999999,0,1.28,0,0.25,6,
T11337500,11337500,1893770,1893770,MARSH C NR BYRON CA,37.87325835,-121.7271752,ok, ,Ref,yes,30,21,Y,1953,1983,see GAGES_II_SCREENING_COMMENTS,"lt development, NEoA",10,0,0,0,401.3,0,2.81,0.49,0.68,6,
T11371000,11371000,2782657,2782657,CLEAR C A FRENCH GULCH CA,40.6948699,-122.6366845,ok, ,Ref,yes,43,24,Y,1950,1993,see GAGES_II_SCREENING_COMMENTS,historic mining & possible domestic use,7,0,0,0,59,0,2,0,0.86,6,
T11372000,11372000,2495296,2495296,CLEAR C NR IGO CA,40.51320587,-122.5241795,ok, ,Non-ref,yes,63,24,Y,1950,1961,No evidence of hydro alteration during specified period,upstrm reservoir--Whiskey Town,21,503.96,3.14,0,59.2,0,2.81,0,0.88,6,
T11375700,11375700,2800225,2800225,NF COTTONWOOD C NR IGO CA,40.44209523,-122.5502903,ok, ,Non-ref,yes,24,18,Y,1956,1980,No evidence of hydro alteration during specified period,proximal irrigated ag & possible diversions,15,19.43,13.21,0,59.7999999999999,0,1.96,0.27,0.54,6,
T11449500,11449500,8009279,948020963,KELSEY C NR KELSEYVILLE CA,38.92739984,-122.8436046,ok, ,Ref,yes,62,24,Y,1950,2014,see GAGES_II_SCREENING_COMMENTS,"lt development, NEoA",9,0,0,0,20.8999999999999,0,4.64,0,1.67,6,
T11451100,11451100,8005975,8005975,NF CACHE C A HOUGH SPRING NR CLEARLAKE OAKS CA,39.1654458,-122.6199862,ok, ,Ref,yes,42,3,Y,1971,2015,see GAGES_II_SCREENING_COMMENTS,"mostly roadless, NEoA",6,0,0,0,22.1,0,2.28,0,0.65,6,
T11460100,11460100,1671593,1671593,ARROYO CORTE MADERA D PRES A MILL VALLEY CA,37.8971481999999,-122.5360868,ok, , ,yes,19,8,Y,1965,1986,No evidence of hydro alteration, ,0, , , ,0, ,0,0,0,6,
T11464500,11464500,8276449,8276449,DRY C NR CLOVERDALE CA,38.7496321599999,-123.0922252,ok, ,Ref,yes,30,24,Y,1950,1980,see GAGES_II_SCREENING_COMMENTS,Currently submerged by Lake Sonoma--record ends prior to dam,6,0,0,0,29.3,0,2.22,0,0.73,6,
T11473100,11473100,8294919,8294919,WILLIAMS C NR COVELO CA,39.82487658,-123.1413996,ok, , ,yes,8,8,Y,1961,1969,No evidence of hydro alteration, ,0, , , ,0, ,0,0,0,6,On class 6 stream
T11480800,11480800,8319321,8319321,NF MAD R NR KORBEL CA,40.8862410699999,-123.9417258,ok, , ,yes,9,9,Y,1957,1974,No evidence of hydro alteration, ,0, , , ,0, ,0,0,0,6,On a class 6 stream
T11522300,11522300,8258791,8258791,SF SALMON R NR FORKS OF SALMON CA,41.22207858,-123.251158399999,ok, , ,yes,8,8,Y,1957,1965,No evidence of hydro alteration, ,0, , , ,0, ,0,0,0,6,Prob 6 due to proximity to stream. Nearby C-3
T11525530,11525530,8246406,8246406,RUSH C NR LEWISTON CA,40.7245898999999,-122.834745799999,ok, ,Ref,yes,11,0,Y,2002,2015,see GAGES_II_SCREENING_COMMENTS,"lt develop, logging, NEoA",7,0,0,0,7.5,0,3.61,0,1.37,6,
T11525670,11525670,8245912,8245912,INDIAN C NR DOUGLAS CITY CA,40.651812,-122.914469,ok, ,Ref,yes,9,0,Y,2004,2015,see GAGES_II_SCREENING_COMMENTS,"undeveloped hw, prox irrigated ag",5,0,0,0,7.9,0,1.92,0,0.77,6,
T11528700,11528700,8232392,8232392,SF TRINITY R BL HYAMPOM CA,40.6498627,-123.4942046,ok, ,Ref,yes,48,9,Y,1965,2014,see GAGES_II_SCREENING_COMMENTS,roads & logging,9,0.55,0,0,7.6,0.06,3.83,0.03,1.27,6,
T11116000,11116000,17586460,17586460,NF MATILIJA C A MATILIJA HOT SPRINGS CA,34.4924917399999,-119.3065034,ok, ,Ref,yes,32,23,Y,1950,1983,see GAGES_II_SCREENING_COMMENTS,"mostly roadless, NEoA",8,0,0,0,97.2999999999999,0,4.37,0,0.64,7,
T11120510,11120510,17595405,17595405,SAN JOSE C A GOLETA CA,34.43027415,-119.822083,ok, ,Non-ref,yes,25,4,Y,1970,1980,No evidence of hydro alteration during specified period,proximal hvy urban,25,9.38,6.61,0,58.8999999999999,12.14,23.35,9.83,3.1,7,
T11120520,11120520,17596097,17596097,SAN PEDRO C A GOLETA CA,34.4397181,-119.836527899999,ok, ,Non-ref,yes,7,2,Y,1970,2013,No evidence of hydro alteration during specified period,urban,12,0,8.59,0,58.8999999999999,15.75,6.26,12.94,0.83,7,"likely c-7, immediately next to c-7 stream"
T11120550,11120550,17594763,17594763,GAVIOTA C NR GAVIOTA CA,34.48776644,-120.227094699999,ok, ,Non-ref,yes,20,8,Y,1966,1986,No evidence of hydro alteration during specified period,adjacent interestate,8,0,0,0,58.8999999999999,0,4.85,0.05,1.23,7,
T11132500,11132500,17609017,17609017,SALSIPUEDES C NR LOMPOC CA,34.5885956999999,-120.4084938,ok, ,Non-ref,yes,63,24,Y,1950,1987,No evidence of hydro alteration during specified period,proximal irrigated ag,8,0,0,0,58.8999999999999,1.74,4.1,2.74,1.21,7,
T11138500,11138500,17625379,17625379,SISQUOC R NR SISQUOC CA,34.8397028899999,-120.168206299999,ok, ,Ref,yes,54,24,Y,1950,2014,see GAGES_II_SCREENING_COMMENTS,"roadless, NEoA",6,0,0,0,58.8999999999999,0.02,0.32,0.01,0.14,7,
T11172100,11172100,17694079,17694079,UP PENITENCIA C A SAN JOSE CA,37.3952171,-121.8282872,ok, ,Non-ref,yes,26,13,Y,1961,1987,No evidence of hydro alteration during specified period,proximal urban,14,20.27,0,0,140,0,4.97,0,0.79,7,
T11172945,11172945,2809681,2809681,ALAMEDA C AB DIV DAM NR SUNOL CA,37.4974356,-121.7735644,ok, ,Ref,yes,20,0,Y,1994,2014,see GAGES_II_SCREENING_COMMENTS,"undeveloped, NEoA",7,0,0,0,147.699999999999,0,0.97,0.12,0.5,7,
T11173200,11173200,2809859,2809859,ARROYO HONDO NR SAN JOSE CA,37.4616033699999,-121.769397,ok, ,Ref,yes,33,6,Y,1968,2014,see GAGES_II_SCREENING_COMMENTS,mostly roadless,8,3.28,0,0,140,0,2.08,0.02,0.67,7,
T11176400,11176400,2806807,2806807,ARROYO VALLE BL LANG CN NR LIVERMORE CA,37.56132196,-121.6838389,ok, ,Ref,yes,50,11,Y,1963,2015,see GAGES_II_SCREENING_COMMENTS,"mostly roadless, NEoA",7,0,0,0,151,0,1.31,0.02,0.71,7,
T11224500,11224500,14883269,14883269,LOS GATOS C AB NUNEZ CYN NR COALINGA CA,36.21467719,-120.4707116,ok, ,Ref,yes,63,24,Y,1950,2014,see GAGES_II_SCREENING_COMMENTS,lt local irrigation,10,0,0,0,329.399999999999,0,2.22,0,0.71,7,
T11253310,11253310,14882615,14882615,CANTUA C NR CANTUA CREEK CA,36.40217399,-120.4334917,ok, ,Ref,yes,47,8,Y,1966,2014,see GAGES_II_SCREENING_COMMENTS,"mostly undeveloped, NEoA",8,0,0,0,290.3,0,1.4,0,0.53,7,
T11379000,11379000,8019804,8019804,ANTELOPE C NR RED BLUFF CA,40.2037674199999,-122.1183272,ok, ,Ref,yes,32,24,YY,1950,1982,geographic exclusion in xeric. Reconsider as reference,"mostly roadless, logging in HW",8,0,0,0,74.2999999999999,0,0.64,0,1.33,8,
T10255800,10255800,22595293,22597421,COYOTE C NR BORREGO SPRINGS CA,33.3736453,-116.4275137,suspect,on trib. coords. wrong. should be COMID=22597421,Ref,yes,33,24,Y,1950,1983,see GAGES_II_SCREENING_COMMENTS,"roadless, NEoA",7,0,0,0,111,0.16,1.71,0.22,0.64,8,
T11023250,11023250,20331142,20331142,POWAY C NR POWAY CA,32.9536569899999,-117.0147528,ok, , ,yes,10,0,Y,1977,1987,No evidence of hydro alteration, ,0, , , ,0, ,0,0,0,8,
T11023310,11023310,20331150,20331150,RATTLESNAKE C A POWAY CA,32.9519901999999,-117.0497537,ok, , ,yes,12,0,Y,1977,1989,No evidence of hydro alteration, ,0, , , ,0, ,0,0,0,8,
T11023325,11023325,20331242,20331242,BEELER C A POMERADO RD NR POWAY CA,32.93976827,-117.0666984,ok, , ,yes,13,0,Y,1976,1989,No evidence of hydro alteration, ,0, , , ,0, ,0,0,0,8,
T11046300,11046300,20351605,20351605,SAN MATEO C NR SAN CLEMENTE CA,33.4708598699999,-117.4730986,ok, ,Ref,yes,36,15,Y,1952,2015,see GAGES_II_SCREENING_COMMENTS,"mostly roadless, NEoA",9,0,0,0,115.9,0,3.62,0,0.98,8,
T11046500,11046500,20350533,20350533,SAN JUAN C NR SAN JUAN CAPISTRANO CA,33.51891459,-117.6250493,ok, ,Non-ref,yes,19,19,Y,1950,1961,No evidence of hydro alteration during specified period,upstrm urban,21,30.94,0,0,284.399999999999,0.69,11.34,0.36,1.27,8,
T11048553,11048553,20355480,20355480,SAND CYN C A IRVINE CA,33.65724307,-117.8275553,ok, ,Non-ref,yes,12,0,Y,2001,2014,No evidence of hydro alteration during specified period,urban,24,54.75,0,0,316.199999999999,0,44.96,0,4.18,8,
T11058600,11058600,22555344,22555344,WATERMAN CANYON CREEK NR ARROWHEAD SPRINGS CA,34.1858332999999,-117.2722222,ok, ,Ref,yes,41,24,Y,1950,2015,see GAGES_II_SCREENING_COMMENTS,"highway in part of basin, NEoA",10,0,0,0,17,0,13.33,0,2.5,8,
T11077000,11077000,22563182,22563182,SANTIAGO C NR VILLA PARK CA,33.82279419,-117.7767213,ok, , ,yes,13,13,Y,1950,1963,No evidence of hydro alteration, ,0, , , ,0, ,0,0,0,8,
T11084500,11084500,22524697,22524697,FISH C NR DUARTE CA,34.1658395999999,-117.924229999999,ok, ,Ref,yes,29,24,Y,1950,1979,see GAGES_II_SCREENING_COMMENTS,"mostly undeveloped, NEoA",13,0,4.49,0,199.5,0,2.81,0,1.03,8,
T11098000,11098000,22514774,22514774,ARROYO SECO NR PASADENA CA,34.22222629,-118.1775727,ok, ,Ref,yes,63,24,Y,1950,2014,see GAGES_II_SCREENING_COMMENTS,"mostly roadless, NEoA",10,0,0,0,199.5,0,5.31,0,1.01,8,
T11100000,11100000,22514894,22514894,SANTA ANITA C NR SIERRA MADRE CA,34.1916715999999,-118.0172888,ok, ,Ref,yes,20,20,Y,1950,1970,see GAGES_II_SCREENING_COMMENTS,"mostly roadless, NEoA",9,0,0,0,199.5,0,2.45,0,0.69,8,
T11120530,11120530,17595369,17595369,TECOLOTITO C NR GOLETA CA,34.43471754,-119.868750199999,ok, , ,yes,8,2,Y,1970,1991,No evidence of hydro alteration, ,0, , , ,0, ,0,0,0,8,
T11134800,11134800,17607917,17607917,MIGUELITO C A LOMPOC CA,34.6316501,-120.4648857,ok, ,Non-ref,yes,37,4,Y,1970,1980,No evidence of hydro alteration during specified period,prox urban & channelization,9,0,0,0,58.8999999999999,0,9.78999999999999,0,1.2,8,
T11257500,11257500,17100137,17100137,FRESNO R NR KNOWLES CA,37.2371691299999,-119.7748763,ok, ,Non-ref,yes,40,24,Y,1950,1970,No evidence of hydro alteration during specified period,upstrm dispersed urban,16,0.39,0,0,224.199999999999,0,3.17,0.01,2.13,8,
T11258000,11258000,17100623,17100623,FRESNO R BL HIDDEN DAM NR DAULTON CA,37.09744734,-119.8896013,ok, ,Non-ref,yes,40,24,Y,1950,1970,No evidence of hydro alteration during specified period,proximal reservoir--Hidden Dam,21,161.3,0.27,0,235.699999999999,0.09,3.13,0.1,2,8,
T11259000,11259000,17100939,17100939,CHOWCHILLA R BL BUCHANAN DAM NR RAYMOND CA,37.21550105,-119.991276099999,ok, ,Non-ref,yes,36,21,Y,1950,1972,No evidence of hydro alteration during specified period,proximal reservoir--,17,212.93,0,0,68.5,0,1.45,0,1.48,8,
T11284400,11284400,17078425,17078425,BIG C AB WHITES GULCH NR GROVELAND CA,37.8418714,-120.1849103,ok, ,Ref,yes,44,5,Y,1969,2014,see GAGES_II_SCREENING_COMMENTS,"lt development, mostly forested basin, NEoA",13,0,13.36,0,7.6,0,2.5,0,2.13,8,
T11299600,11299600,348419,348419,BLACK C NR COPPEROPOLIS CA,37.9610361499999,-120.6152035,ok, ,Ref,yes,31,0,Y,1983,2014,see GAGES_II_SCREENING_COMMENTS,"mostly roadless, NEoA",4,0,0,0,8.9,0,1.28,0,0.79,8,On class 8 stream
T11334300,11334300,20196320,20196320,SF COSUMNES R NR RIVER PINES CA,38.5568511299999,-120.7932682,ok, ,Ref,yes,23,17,Y,1957,1980,see GAGES_II_SCREENING_COMMENTS,proximal possible domestic withdrawls,8,0,0,0,19,0.11,1.34,0.04,1.94,8,
T11374000,11374000,2495212,2495212,COW C NR MILLVILLE CA,40.50487467,-122.2330577,ok, ,Non-ref,yes,63,24,Y,1950,1980,No evidence of hydro alteration during specified period,proximal irrigated ag & urban,14,0.41,0.71,0,60.1,2.77,2.55,0.97,1.31,8,
T11451715,11451715,8009213,8009213,BEAR C AB HOLSTEN CHIMNEY CYN NR RUMSEY CA,38.95767446,-122.3427535,ok, ,Non-ref,yes,15,0,Y,1997,2014,No evidence of hydro alteration during specified period,"some irrigated ag, mostly undeveloped, NEoA",12,1.75,0,0,414.1,0,2.07,0.13,0.49,8,
T10360900,10360900,20314584,20314584,BIDWELL C BL MILL C NR FORT BIDWELL CA,41.8823902,-120.1749508,ok, ,Ref,yes,22,14,Y,1960,1982,see GAGES_II_SCREENING_COMMENTS,"some roads, NEoA",5,0,0,0,30.5,0,0,0,0.51,9,
T11355500,11355500,18020003000206,18020003000206,HAT C NR HAT CREEK CA,40.68637967,-121.4231786,,,,,,,,,,,,,,,,,,,,,9,
